temp,dew,humidity,precip,windspeed,pollen_intensity,Clear,Partially cloudy,Rain,"Rain, Overcast","Rain, Partially cloudy",tem amplitude,Kmeans label,birch,dbscan,risk level
11.5,5.1,66.2,0.0,11.1,1.0,1.0,0.0,0.0,0.0,0.0,8.4,0,0,0,3
10.9,7.4,80.2,0.0,16.4,1.0,1.0,0.0,0.0,0.0,0.0,8.3,2,0,0,2
7.4,6.1,91.7,0.005,12.6,1.0,0.0,0.0,1.0,0.0,0.0,5.800000000000001,2,1,4,1
9.7,6.9,84.1,0.0,16.8,1.0,1.0,0.0,0.0,0.0,0.0,6.5,2,0,-1,3
10.5,5.5,71.4,0.0,14.9,1.0,1.0,0.0,0.0,0.0,0.0,7.000000000000001,0,0,0,2
8.7,4.6,76.4,0.0,13.0,1.0,1.0,0.0,0.0,0.0,0.0,8.899999999999999,0,0,0,2
10.4,-0.6,49.7,0.0,15.3,1.0,1.0,0.0,0.0,0.0,0.0,9.8,1,2,-1,3
10.6,0.0,48.7,0.0,14.5,1.0,1.0,0.0,0.0,0.0,0.0,8.5,1,2,-1,2
11.2,4.4,64.1,0.0,13.9,1.0,1.0,0.0,0.0,0.0,0.0,10.3,0,0,-1,2
11.5,4.4,63.0,0.0,21.5,1.0,1.0,0.0,0.0,0.0,0.0,6.299999999999999,0,0,0,2
9.5,-0.9,48.7,0.0,20.4,1.0,1.0,0.0,0.0,0.0,0.0,5.699999999999999,1,2,-1,2
9.4,1.0,56.4,0.0,18.4,1.0,1.0,0.0,0.0,0.0,0.0,7.0,1,2,-1,3
9.8,2.9,62.9,0.0,16.8,1.0,1.0,0.0,0.0,0.0,0.0,6.6,0,0,-1,2
9.9,6.1,78.2,0.0,11.9,1.0,1.0,0.0,0.0,0.0,0.0,10.5,0,0,0,3
10.1,8.3,89.0,0.0,9.8,1.0,1.0,0.0,0.0,0.0,0.0,4.6000000000000005,2,1,4,2
10.9,9.8,93.2,0.667,9.1,1.0,0.0,0.0,1.0,0.0,0.0,2.5,2,1,4,1
10.6,5.9,74.8,0.008,25.5,1.0,0.0,0.0,1.0,0.0,0.0,6.7,0,0,-1,3
11.1,7.3,78.3,8.736,19.6,1.0,0.0,0.0,1.0,0.0,0.0,6.4,2,0,-1,1
12.6,11.6,93.6,10.487,25.9,1.0,0.0,0.0,1.0,0.0,0.0,6.799999999999999,2,1,-1,3
12.6,8.0,73.8,0.04,29.0,1.0,0.0,0.0,1.0,0.0,0.0,3.5999999999999996,0,0,-1,2
11.9,6.5,70.6,0.094,24.9,1.0,0.0,0.0,1.0,0.0,0.0,5.4,0,0,0,3
11.8,7.5,75.4,0.05,20.3,1.0,0.0,0.0,1.0,0.0,0.0,4.4,0,0,0,3
13.4,9.7,78.7,0.217,28.5,1.0,0.0,0.0,1.0,0.0,0.0,5.399999999999999,2,1,0,3
14.2,10.7,79.4,0.003,33.2,1.0,0.0,0.0,1.0,0.0,0.0,4.0,2,1,-1,2
14.1,8.5,70.4,0.0,13.8,1.0,1.0,0.0,0.0,0.0,0.0,8.700000000000001,0,0,0,3
12.9,8.3,75.3,0.0,20.9,1.0,1.0,0.0,0.0,0.0,0.0,10.0,0,0,0,1
12.2,6.8,70.3,0.0,28.0,1.0,1.0,0.0,0.0,0.0,0.0,3.9000000000000004,0,0,0,1
12.6,8.7,77.4,0.001,20.1,1.0,0.0,0.0,1.0,0.0,0.0,5.300000000000001,0,0,0,3
12.8,10.8,87.8,1.287,21.7,1.0,0.0,0.0,1.0,0.0,0.0,3.200000000000001,2,1,0,1
12.6,11.5,93.2,6.209,22.9,1.0,0.0,0.0,1.0,0.0,0.0,3.9000000000000004,2,1,-1,1
14.0,13.1,94.2,13.981,32.3,1.0,0.0,0.0,1.0,0.0,0.0,2.3000000000000007,2,1,-1,2
11.6,7.8,78.1,10.607,41.2,1.0,0.0,0.0,1.0,0.0,0.0,4.199999999999999,2,1,-1,1
10.5,4.5,67.3,0.672,23.1,1.0,0.0,0.0,1.0,0.0,0.0,4.800000000000001,0,0,0,2
10.2,2.7,61.4,0.0,21.5,1.0,1.0,0.0,0.0,0.0,0.0,7.300000000000001,0,0,0,2
9.4,2.0,60.9,0.008,10.6,1.0,0.0,0.0,1.0,0.0,0.0,8.600000000000001,0,0,-1,1
11.0,3.4,60.9,0.0,12.2,1.0,1.0,0.0,0.0,0.0,0.0,9.6,0,0,-1,3
12.0,6.5,70.1,0.0,15.7,1.0,1.0,0.0,0.0,0.0,0.0,8.5,0,0,0,2
12.5,8.4,77.1,0.0,16.2,1.0,1.0,0.0,0.0,0.0,0.0,7.399999999999999,0,0,0,2
12.2,8.0,76.3,0.0,13.9,1.0,1.0,0.0,0.0,0.0,0.0,7.299999999999999,0,0,0,1
13.2,9.2,77.4,0.0,17.7,1.0,1.0,0.0,0.0,0.0,0.0,5.799999999999999,0,0,0,3
14.2,12.6,90.1,2.529,25.1,1.0,0.0,0.0,1.0,0.0,0.0,6.100000000000001,2,1,-1,1
12.1,6.9,71.9,0.006,15.2,1.0,0.0,0.0,1.0,0.0,0.0,7.699999999999999,0,0,0,3
13.0,6.7,66.0,0.0,18.0,1.0,1.0,0.0,0.0,0.0,0.0,8.600000000000001,0,0,0,2
13.5,7.4,67.0,0.0,13.4,1.0,1.0,0.0,0.0,0.0,0.0,8.099999999999998,0,0,0,1
13.9,9.5,76.1,0.0,19.4,1.0,1.0,0.0,0.0,0.0,0.0,9.399999999999999,0,0,0,2
13.7,8.5,72.0,0.0,15.6,1.0,1.0,0.0,0.0,0.0,0.0,7.6,0,0,0,3
14.2,7.5,64.6,0.0,17.6,1.0,1.0,0.0,0.0,0.0,0.0,6.1,0,0,0,2
12.7,10.1,84.8,3.676,11.0,1.0,0.0,0.0,1.0,0.0,0.0,7.6,2,0,-1,3
11.6,8.5,81.4,1.632,28.1,1.0,0.0,0.0,1.0,0.0,0.0,3.4000000000000004,2,1,0,3
12.6,6.9,69.0,0.0,15.7,1.0,1.0,0.0,0.0,0.0,0.0,6.0,0,0,0,2
12.2,6.6,69.3,0.0,13.0,1.0,1.0,0.0,0.0,0.0,0.0,8.7,0,0,0,2
13.6,10.0,79.9,0.0,19.0,1.0,1.0,0.0,0.0,0.0,0.0,8.600000000000001,2,0,0,2
15.0,9.5,71.6,0.0,17.8,1.0,1.0,0.0,0.0,0.0,0.0,9.6,0,0,0,2
15.3,8.0,64.7,0.0,13.8,1.0,1.0,0.0,0.0,0.0,0.0,9.5,0,0,0,3
16.3,7.1,55.2,0.0,17.9,1.0,1.0,0.0,0.0,0.0,0.0,10.6,1,2,-1,2
16.1,7.2,57.7,0.0,13.6,1.0,1.0,0.0,0.0,0.0,0.0,10.700000000000001,1,0,-1,1
15.2,7.1,60.5,0.0,17.7,1.0,1.0,0.0,0.0,0.0,0.0,10.0,0,0,6,1
14.6,9.5,71.8,0.0,18.3,1.0,1.0,0.0,0.0,0.0,0.0,6.399999999999999,0,0,0,1
14.1,8.0,67.8,0.0,18.5,1.0,1.0,0.0,0.0,0.0,0.0,7.6,0,0,0,2
14.4,10.0,75.3,0.0,25.2,1.0,1.0,0.0,0.0,0.0,0.0,7.4,0,0,0,1
15.6,11.1,75.2,0.0,17.6,1.0,1.0,0.0,0.0,0.0,0.0,8.899999999999999,0,0,0,3
13.6,10.9,84.3,0.0,23.4,1.0,1.0,0.0,0.0,0.0,0.0,8.6,2,1,0,2
15.1,11.4,80.2,2.737,20.4,1.0,0.0,0.0,1.0,0.0,0.0,6.600000000000001,2,0,0,3
15.1,13.5,90.2,4.034,38.3,1.0,0.0,0.0,1.0,0.0,0.0,4.4,2,1,-1,3
13.1,10.0,82.2,27.529,35.8,1.0,0.0,0.0,1.0,0.0,0.0,4.800000000000001,2,1,-1,2
11.9,9.0,83.5,14.149,30.2,1.0,0.0,0.0,1.0,0.0,0.0,5.9,2,1,-1,2
13.8,8.0,69.5,0.002,25.6,1.0,0.0,0.0,1.0,0.0,0.0,5.899999999999999,0,0,0,2
14.9,9.2,70.4,0.0,18.9,1.0,1.0,0.0,0.0,0.0,0.0,9.6,0,0,0,2
15.5,11.1,76.0,0.0,23.0,1.0,1.0,0.0,0.0,0.0,0.0,8.399999999999999,0,0,0,1
16.3,9.6,66.6,0.0,16.8,1.0,1.0,0.0,0.0,0.0,0.0,10.0,0,0,0,2
14.2,8.8,71.2,0.0,22.0,1.0,1.0,0.0,0.0,0.0,0.0,10.0,0,0,0,2
12.8,5.4,62.0,0.001,44.6,1.0,0.0,0.0,1.0,0.0,0.0,5.300000000000001,1,0,-1,2
14.5,4.2,52.1,0.0,21.4,1.0,1.0,0.0,0.0,0.0,0.0,9.299999999999999,1,2,-1,3
15.9,4.6,51.9,0.0,12.5,1.0,1.0,0.0,0.0,0.0,0.0,13.2,1,2,-1,1
15.9,8.6,62.9,0.0,20.6,1.0,1.0,0.0,0.0,0.0,0.0,11.899999999999999,0,0,0,2
13.4,8.5,72.6,0.0,22.1,1.0,1.0,0.0,0.0,0.0,0.0,6.6,0,0,0,2
14.3,6.2,59.6,0.0,27.1,1.0,1.0,0.0,0.0,0.0,0.0,9.299999999999999,1,0,-1,2
15.7,3.9,46.6,0.0,22.6,1.0,1.0,0.0,0.0,0.0,0.0,9.5,1,2,-1,1
15.9,3.4,44.2,0.0,22.5,1.0,1.0,0.0,0.0,0.0,0.0,7.700000000000001,1,2,-1,2
14.8,5.5,54.0,0.0,15.5,1.0,1.0,0.0,0.0,0.0,0.0,8.399999999999999,1,2,-1,3
16.0,2.4,41.6,0.005,21.5,4.0,0.0,0.0,1.0,0.0,0.0,9.8,1,2,-1,1
17.8,3.8,40.2,0.0,21.9,4.0,1.0,0.0,0.0,0.0,0.0,10.5,1,2,-1,1
17.4,6.4,49.6,0.0,24.1,4.0,1.0,0.0,0.0,0.0,0.0,8.1,1,2,-1,1
19.0,5.5,44.7,0.0,28.4,4.0,1.0,0.0,0.0,0.0,0.0,11.7,1,2,-1,3
19.2,2.5,33.1,0.0,34.7,4.0,1.0,0.0,0.0,0.0,0.0,8.9,1,2,-1,2
18.3,4.5,44.1,0.0,25.0,4.0,1.0,0.0,0.0,0.0,0.0,9.600000000000001,1,2,-1,1
17.1,6.3,52.9,0.0,17.7,4.0,1.0,0.0,0.0,0.0,0.0,10.899999999999999,1,2,-1,2
16.3,5.5,51.0,0.0,16.8,4.0,1.0,0.0,0.0,0.0,0.0,11.200000000000001,1,2,-1,3
15.7,5.7,52.9,0.0,17.8,4.0,1.0,0.0,0.0,0.0,0.0,9.8,1,2,-1,2
16.9,8.1,57.3,0.386,20.8,4.0,0.0,0.0,1.0,0.0,0.0,8.2,1,0,0,1
16.0,11.0,73.4,0.101,12.6,4.0,0.0,0.0,1.0,0.0,0.0,6.700000000000001,0,0,-1,3
15.0,10.4,74.8,0.0,22.9,4.0,1.0,0.0,0.0,0.0,0.0,8.899999999999999,0,0,0,3
12.7,5.9,64.3,0.0,31.4,4.0,1.0,0.0,0.0,0.0,0.0,3.9000000000000004,0,0,-1,3
11.9,5.1,64.8,0.379,20.8,4.0,0.0,0.0,1.0,0.0,0.0,7.1,0,0,-1,2
10.6,7.0,78.9,29.016,26.7,2.0,0.0,0.0,1.0,0.0,0.0,7.3,2,1,-1,2
11.8,7.6,76.4,4.302,26.5,2.0,0.0,0.0,1.0,0.0,0.0,7.699999999999999,0,0,-1,1
13.6,11.4,86.8,7.057,23.7,2.0,0.0,0.0,1.0,0.0,0.0,5.1,2,1,-1,2
13.8,10.5,82.1,5.14,24.7,2.0,0.0,0.0,1.0,0.0,0.0,7.299999999999999,2,1,-1,1
13.8,9.1,74.1,0.914,24.8,2.0,0.0,0.0,1.0,0.0,0.0,6.700000000000001,0,0,0,2
13.7,10.0,78.9,2.659,24.4,2.0,0.0,0.0,1.0,0.0,0.0,5.800000000000001,2,1,0,2
14.2,8.3,69.6,0.0,24.3,2.0,1.0,0.0,0.0,0.0,0.0,7.399999999999999,0,0,0,2
15.1,8.4,65.6,0.0,16.1,4.0,1.0,0.0,0.0,0.0,0.0,9.7,0,0,-1,1
15.9,12.5,80.8,0.115,18.8,4.0,0.0,0.0,1.0,0.0,0.0,5.4,2,0,-1,2
17.3,15.6,90.1,0.869,14.6,4.0,0.0,0.0,1.0,0.0,0.0,5.899999999999999,2,1,-1,3
15.8,12.1,79.5,0.188,21.1,4.0,0.0,0.0,1.0,0.0,0.0,7.200000000000001,2,0,-1,1
14.7,9.6,73.7,0.0,22.2,4.0,1.0,0.0,0.0,0.0,0.0,10.4,0,0,-1,3
14.3,12.1,87.0,6.151,26.7,4.0,0.0,0.0,1.0,0.0,0.0,2.9000000000000004,2,1,-1,1
15.0,11.3,79.5,0.878,20.9,4.0,0.0,0.0,1.0,0.0,0.0,8.2,2,0,-1,1
14.0,11.4,84.4,5.948,14.8,3.0,0.0,0.0,1.0,0.0,0.0,5.6,2,0,-1,2
18.1,10.5,63.5,0.005,22.7,3.0,0.0,0.0,1.0,0.0,0.0,11.100000000000001,0,0,0,1
18.3,8.6,54.0,0.0,24.5,3.0,1.0,0.0,0.0,0.0,0.0,8.6,1,2,0,1
16.4,11.3,73.3,2.881,23.4,3.0,0.0,0.0,1.0,0.0,0.0,10.2,0,0,-1,3
11.6,6.7,73.3,4.736,27.8,3.0,0.0,0.0,1.0,0.0,0.0,7.200000000000001,0,0,-1,2
14.5,12.1,86.3,12.832,33.5,3.0,0.0,0.0,1.0,0.0,0.0,7.100000000000001,2,1,-1,1
14.0,8.1,68.7,1.598,29.7,3.0,0.0,0.0,1.0,0.0,0.0,7.700000000000001,0,0,-1,3
14.7,7.9,65.9,0.0,21.0,3.0,1.0,0.0,0.0,0.0,0.0,7.399999999999999,0,0,0,1
16.9,8.4,59.0,0.0,21.5,3.0,1.0,0.0,0.0,0.0,0.0,12.100000000000001,1,0,0,2
20.8,10.7,55.0,0.0,21.0,3.0,1.0,0.0,0.0,0.0,0.0,13.700000000000001,1,2,-1,1
19.8,9.1,51.1,0.0,23.2,3.0,1.0,0.0,0.0,0.0,0.0,10.200000000000001,1,2,-1,3
17.3,10.5,65.3,0.0,24.7,3.0,1.0,0.0,0.0,0.0,0.0,10.299999999999999,0,0,0,1
17.4,11.1,67.9,0.0,27.6,3.0,1.0,0.0,0.0,0.0,0.0,9.5,0,0,1,2
20.2,11.9,60.6,0.0,22.7,3.0,1.0,0.0,0.0,0.0,0.0,13.700000000000001,1,0,0,1
22.2,11.3,51.6,0.0,22.8,4.0,1.0,0.0,0.0,0.0,0.0,11.7,1,2,-1,1
20.4,9.2,50.5,0.0,18.4,4.0,1.0,0.0,0.0,0.0,0.0,12.499999999999998,1,2,-1,1
18.1,10.9,63.2,0.0,17.5,4.0,1.0,0.0,0.0,0.0,0.0,9.000000000000002,0,0,-1,2
16.7,10.5,67.6,0.0,17.5,4.0,1.0,0.0,0.0,0.0,0.0,6.700000000000001,0,0,0,3
16.7,15.6,93.7,2.33,23.5,4.0,0.0,0.0,1.0,0.0,0.0,2.900000000000002,2,1,-1,1
16.1,15.3,95.4,11.46,59.0,4.0,0.0,0.0,1.0,0.0,0.0,3.0000000000000018,2,1,-1,3
16.6,15.9,96.1,2.116,31.4,4.0,0.0,0.0,1.0,0.0,0.0,4.9,2,1,-1,2
17.7,15.1,85.7,0.485,17.8,4.0,0.0,0.0,1.0,0.0,0.0,5.5,2,1,-1,2
20.0,11.6,61.5,0.001,17.5,4.0,0.0,0.0,1.0,0.0,0.0,13.6,0,0,-1,1
26.1,9.2,36.8,0.0,23.6,4.0,1.0,0.0,0.0,0.0,0.0,13.200000000000003,1,2,-1,3
27.5,4.5,24.1,0.0,22.1,4.0,1.0,0.0,0.0,0.0,0.0,12.2,1,2,-1,3
25.3,10.2,39.5,0.0,19.6,4.0,1.0,0.0,0.0,0.0,0.0,10.599999999999998,1,2,-1,3
23.0,10.8,47.9,0.0,25.2,4.0,1.0,0.0,0.0,0.0,0.0,12.7,1,2,-1,3
16.9,10.8,68.1,0.0,27.7,4.0,1.0,0.0,0.0,0.0,0.0,6.799999999999999,0,0,1,2
15.8,7.8,59.6,0.0,27.0,4.0,1.0,0.0,0.0,0.0,0.0,6.1,1,0,-1,3
15.8,8.1,60.7,0.0,24.5,4.0,1.0,0.0,0.0,0.0,0.0,5.800000000000001,0,0,-1,3
17.4,10.2,63.3,0.0,21.0,4.0,1.0,0.0,0.0,0.0,0.0,7.1,0,0,0,3
17.1,10.7,67.1,0.0,20.5,4.0,1.0,0.0,0.0,0.0,0.0,9.7,0,0,0,3
18.8,12.9,70.0,0.001,19.1,4.0,0.0,0.0,1.0,0.0,0.0,7.4,0,0,0,3
19.6,12.9,66.6,0.0,23.3,4.0,1.0,0.0,0.0,0.0,0.0,12.200000000000001,0,0,1,2
18.8,12.5,68.2,0.0,24.6,4.0,1.0,0.0,0.0,0.0,0.0,10.299999999999999,0,0,1,2
18.7,10.1,59.3,0.0,34.1,4.0,1.0,0.0,0.0,0.0,0.0,7.1,1,0,-1,1
21.7,9.3,47.8,0.0,29.9,4.0,1.0,0.0,0.0,0.0,0.0,11.100000000000001,1,2,-1,2
23.4,11.6,49.0,0.0,29.3,4.0,1.0,0.0,0.0,0.0,0.0,11.600000000000001,1,2,-1,2
19.7,13.0,66.2,0.0,28.3,4.0,1.0,0.0,0.0,0.0,0.0,8.5,0,0,1,2
21.5,10.8,53.4,0.0,26.2,4.0,1.0,0.0,0.0,0.0,0.0,13.299999999999999,1,2,-1,3
25.8,8.2,34.2,0.0,28.6,4.0,1.0,0.0,0.0,0.0,0.0,10.8,1,2,-1,3
28.3,7.4,27.8,0.0,21.9,4.0,1.0,0.0,0.0,0.0,0.0,10.700000000000003,1,2,-1,2
26.4,10.6,39.3,0.0,20.1,4.0,1.0,0.0,0.0,0.0,0.0,14.000000000000004,1,2,-1,2
26.8,10.3,37.2,0.0,19.8,4.0,1.0,0.0,0.0,0.0,0.0,11.600000000000001,1,2,-1,1
26.8,7.2,29.7,0.0,20.1,4.0,1.0,0.0,0.0,0.0,0.0,11.400000000000002,1,2,-1,2
21.1,13.9,64.4,0.0,19.1,4.0,1.0,0.0,0.0,0.0,0.0,10.100000000000001,0,0,-1,2
18.7,13.5,73.0,1.855,22.8,4.0,0.0,0.0,1.0,0.0,0.0,6.899999999999999,0,0,0,2
17.3,8.6,58.7,0.0,22.0,4.0,1.0,0.0,0.0,0.0,0.0,7.799999999999999,1,0,0,2
16.1,11.8,77.0,4.127,35.6,4.0,0.0,0.0,1.0,0.0,0.0,7.4,0,1,-1,3
16.6,8.4,60.9,0.013,21.9,3.0,0.0,0.0,1.0,0.0,0.0,8.3,0,0,0,2
17.0,7.9,57.0,0.0,24.6,3.0,1.0,0.0,0.0,0.0,0.0,9.4,1,2,0,1
17.6,11.0,66.2,0.0,19.9,3.0,1.0,0.0,0.0,0.0,0.0,10.700000000000001,0,0,0,2
18.1,10.3,62.6,0.0,24.7,3.0,1.0,0.0,0.0,0.0,0.0,8.4,0,0,0,1
17.9,9.9,61.9,0.0,31.9,3.0,1.0,0.0,0.0,0.0,0.0,7.5,0,0,-1,2
17.6,7.6,54.3,0.0,28.7,3.0,1.0,0.0,0.0,0.0,0.0,8.799999999999999,1,2,-1,1
16.8,8.3,59.5,0.0,26.6,3.0,1.0,0.0,0.0,0.0,0.0,8.1,1,0,0,1
16.5,10.4,68.2,0.0,20.4,3.0,1.0,0.0,0.0,0.0,0.0,7.5,0,0,0,1
17.6,10.8,66.0,0.001,20.1,3.0,0.0,0.0,1.0,0.0,0.0,9.4,0,0,0,2
18.2,9.8,59.5,0.0,23.2,3.0,1.0,0.0,0.0,0.0,0.0,9.9,1,0,0,3
17.3,11.3,69.2,0.0,23.9,3.0,1.0,0.0,0.0,0.0,0.0,9.2,0,0,0,2
19.0,16.7,87.1,1.643,34.2,3.0,0.0,0.0,1.0,0.0,0.0,6.300000000000001,2,1,-1,1
20.0,16.3,80.7,0.327,21.3,3.0,0.0,0.0,1.0,0.0,0.0,5.799999999999997,2,1,0,2
18.4,12.9,71.6,0.0,21.9,3.0,1.0,0.0,0.0,0.0,0.0,7.300000000000001,0,0,0,2
19.3,10.9,60.3,0.0,23.6,2.0,1.0,0.0,0.0,0.0,0.0,9.399999999999999,1,0,0,2
19.1,11.1,62.6,0.0,22.5,2.0,1.0,0.0,0.0,0.0,0.0,11.4,0,0,0,1
19.0,17.8,93.0,2.081,18.6,2.0,0.0,0.0,1.0,0.0,0.0,3.5,2,1,-1,1
19.0,14.7,76.5,1.307,11.9,2.0,0.0,0.0,1.0,0.0,0.0,4.699999999999999,0,1,-1,2
20.6,14.5,68.9,0.018,15.8,2.0,0.0,0.0,1.0,0.0,0.0,9.299999999999997,0,0,0,2
19.8,16.2,81.0,0.774,16.7,2.0,0.0,0.0,1.0,0.0,0.0,7.699999999999999,2,1,0,1
19.9,15.0,75.2,0.0,22.1,2.0,1.0,0.0,0.0,0.0,0.0,8.600000000000001,0,1,0,3
21.6,13.8,63.1,0.0,24.5,1.0,1.0,0.0,0.0,0.0,0.0,11.100000000000001,0,0,0,2
21.8,14.5,64.2,0.0,24.9,1.0,1.0,0.0,0.0,0.0,0.0,9.399999999999999,0,0,0,2
20.6,14.2,67.7,0.0,24.6,1.0,1.0,0.0,0.0,0.0,0.0,7.099999999999998,0,0,0,2
20.0,14.1,69.4,0.0,26.4,1.0,1.0,0.0,0.0,0.0,0.0,6.100000000000001,0,0,0,2
20.1,14.7,71.5,0.0,20.5,1.0,1.0,0.0,0.0,0.0,0.0,5.799999999999997,0,0,0,1
19.9,15.4,76.1,0.0,18.3,1.0,1.0,0.0,0.0,0.0,0.0,7.399999999999999,0,0,0,2
19.4,16.0,81.7,0.0,22.8,1.0,1.0,0.0,0.0,0.0,0.0,5.5,2,1,0,2
20.0,16.1,79.5,0.0,25.3,1.0,1.0,0.0,0.0,0.0,0.0,7.799999999999997,2,1,0,1
20.6,16.8,79.8,0.0,25.2,1.0,1.0,0.0,0.0,0.0,0.0,6.800000000000001,2,1,0,1
20.7,15.8,74.3,0.0,17.2,1.0,1.0,0.0,0.0,0.0,0.0,7.0,0,0,0,1
20.4,15.6,74.9,0.0,20.1,1.0,1.0,0.0,0.0,0.0,0.0,7.299999999999997,0,1,0,1
22.1,16.4,71.2,0.0,21.3,1.0,1.0,0.0,0.0,0.0,0.0,9.8,0,0,0,1
24.8,16.9,64.0,0.0,23.6,1.0,1.0,0.0,0.0,0.0,0.0,14.0,0,0,0,2
28.6,14.9,45.0,0.0,19.2,1.0,1.0,0.0,0.0,0.0,0.0,13.500000000000004,1,2,-1,1
23.1,17.3,70.3,0.0,21.6,1.0,1.0,0.0,0.0,0.0,0.0,7.600000000000001,0,0,0,1
21.5,17.8,80.8,0.001,25.3,1.0,0.0,0.0,1.0,0.0,0.0,6.5,2,1,0,2
21.5,16.8,75.2,0.0,23.1,1.0,1.0,0.0,0.0,0.0,0.0,5.900000000000002,0,1,0,2
21.1,16.5,75.7,0.015,26.0,1.0,0.0,0.0,1.0,0.0,0.0,5.899999999999999,0,1,0,3
20.0,16.0,77.9,0.0,22.9,1.0,1.0,0.0,0.0,0.0,0.0,6.0,0,1,0,2
19.5,15.4,77.1,0.0,31.4,1.0,1.0,0.0,0.0,0.0,0.0,5.399999999999999,0,1,-1,1
21.9,14.3,64.3,0.0,24.3,1.0,1.0,0.0,0.0,0.0,0.0,11.5,0,0,0,1
22.2,16.0,69.4,0.0,26.2,1.0,1.0,0.0,0.0,0.0,0.0,9.799999999999997,0,0,0,2
22.3,16.4,70.3,0.0,26.8,1.0,1.0,0.0,0.0,0.0,0.0,11.399999999999999,0,0,0,2
22.8,15.0,63.3,0.0,22.8,1.0,1.0,0.0,0.0,0.0,0.0,12.0,0,0,0,1
23.6,16.6,66.4,0.0,25.4,1.0,1.0,0.0,0.0,0.0,0.0,13.899999999999999,0,0,0,2
23.1,15.4,64.1,0.0,24.1,1.0,1.0,0.0,0.0,0.0,0.0,11.399999999999999,0,0,0,1
23.4,15.7,64.7,0.0,24.2,1.0,1.0,0.0,0.0,0.0,0.0,13.7,0,0,0,1
22.6,18.4,77.8,0.0,23.2,1.0,1.0,0.0,0.0,0.0,0.0,6.199999999999999,0,1,0,1
21.2,14.3,66.0,0.0,23.5,1.0,1.0,0.0,0.0,0.0,0.0,6.300000000000001,0,0,0,1
20.5,17.2,82.4,1.179,19.2,1.0,0.0,0.0,1.0,0.0,0.0,6.799999999999997,2,1,0,2
21.9,15.5,68.6,0.0,21.6,1.0,1.0,0.0,0.0,0.0,0.0,8.899999999999999,0,0,0,2
21.2,14.3,66.3,0.0,30.2,1.0,1.0,0.0,0.0,0.0,0.0,7.399999999999999,0,0,-1,3
20.1,11.3,59.2,0.0,31.6,1.0,1.0,0.0,0.0,0.0,0.0,8.0,1,0,-1,2
21.5,12.3,57.5,0.0,25.8,1.0,1.0,0.0,0.0,0.0,0.0,10.399999999999999,1,0,2,2
21.7,14.1,63.9,0.0,26.2,1.0,1.0,0.0,0.0,0.0,0.0,9.799999999999997,0,0,0,1
21.4,14.8,67.8,0.0,24.5,1.0,1.0,0.0,0.0,0.0,0.0,9.400000000000002,0,0,0,2
22.1,16.1,69.6,0.0,26.9,1.0,1.0,0.0,0.0,0.0,0.0,10.5,0,0,0,1
21.6,15.2,68.4,0.0,22.7,1.0,1.0,0.0,0.0,0.0,0.0,8.799999999999997,0,0,0,1
22.3,15.3,66.6,0.0,22.8,1.0,1.0,0.0,0.0,0.0,0.0,11.299999999999997,0,0,0,1
22.9,17.5,72.8,0.0,20.7,1.0,1.0,0.0,0.0,0.0,0.0,7.300000000000001,0,0,0,1
22.0,19.2,84.8,0.346,20.1,1.0,0.0,0.0,1.0,0.0,0.0,6.0,2,1,0,1
22.5,21.0,92.0,2.707,23.6,1.0,0.0,0.0,1.0,0.0,0.0,4.5,2,1,-1,1
21.3,18.6,85.8,3.252,22.7,1.0,0.0,0.0,1.0,0.0,0.0,5.0,2,1,-1,1
21.3,14.9,69.0,0.105,21.0,1.0,0.0,0.0,1.0,0.0,0.0,8.399999999999999,0,0,0,1
20.3,13.4,66.5,0.396,25.7,1.0,0.0,0.0,1.0,0.0,0.0,7.800000000000001,0,0,0,1
20.5,11.7,59.8,0.0,33.0,1.0,1.0,0.0,0.0,0.0,0.0,9.599999999999998,1,0,-1,2
21.4,12.0,57.2,0.0,27.4,1.0,1.0,0.0,0.0,0.0,0.0,10.100000000000001,1,0,2,2
23.1,13.8,58.2,0.0,27.6,1.0,1.0,0.0,0.0,0.0,0.0,12.399999999999999,1,0,2,2
24.6,15.0,58.5,0.0,28.9,1.0,1.0,0.0,0.0,0.0,0.0,11.599999999999998,1,0,2,1
23.2,16.1,66.3,0.0,26.6,1.0,1.0,0.0,0.0,0.0,0.0,10.100000000000001,0,0,0,2
23.2,17.3,71.2,0.0,24.5,1.0,1.0,0.0,0.0,0.0,0.0,11.299999999999997,0,0,0,1
22.7,18.0,75.4,0.0,21.7,1.0,1.0,0.0,0.0,0.0,0.0,8.899999999999999,0,1,0,1
20.2,12.8,63.6,0.0,26.0,1.0,1.0,0.0,0.0,0.0,0.0,8.399999999999999,0,0,0,1
22.3,13.7,60.4,0.0,24.7,1.0,1.0,0.0,0.0,0.0,0.0,12.399999999999999,1,0,0,1
24.7,14.8,56.1,0.0,22.0,1.0,1.0,0.0,0.0,0.0,0.0,13.8,1,0,-1,1
26.2,12.8,44.2,0.0,18.4,1.0,1.0,0.0,0.0,0.0,0.0,12.900000000000002,1,2,-1,1
27.3,14.0,45.2,0.0,23.2,1.0,1.0,0.0,0.0,0.0,0.0,12.199999999999996,1,2,-1,2
25.6,12.1,44.1,0.0,25.2,1.0,1.0,0.0,0.0,0.0,0.0,11.899999999999999,1,2,-1,1
20.8,14.5,68.0,0.005,21.5,1.0,0.0,0.0,1.0,0.0,0.0,8.900000000000002,0,0,0,2
21.8,15.8,69.8,0.02,21.6,1.0,0.0,0.0,1.0,0.0,0.0,9.3,0,0,0,2
21.7,16.4,72.8,0.0,19.8,1.0,1.0,0.0,0.0,0.0,0.0,7.299999999999997,0,0,0,1
21.8,16.0,70.4,0.0,21.7,1.0,1.0,0.0,0.0,0.0,0.0,9.099999999999998,0,0,0,1
22.7,14.4,62.4,0.0,20.0,1.0,1.0,0.0,0.0,0.0,0.0,12.599999999999998,0,0,0,1
23.6,13.9,57.1,0.0,19.7,1.0,1.0,0.0,0.0,0.0,0.0,14.0,1,0,-1,2
22.3,15.0,64.8,0.0,22.0,1.0,1.0,0.0,0.0,0.0,0.0,11.0,0,0,0,2
22.5,14.8,64.1,0.0,23.2,1.0,1.0,0.0,0.0,0.0,0.0,11.299999999999997,0,0,0,2
23.4,14.4,60.1,0.0,19.3,1.0,1.0,0.0,0.0,0.0,0.0,13.600000000000001,1,0,0,3
26.1,13.8,48.9,0.0,21.2,1.0,1.0,0.0,0.0,0.0,0.0,13.600000000000001,1,2,-1,1
27.2,13.3,43.9,0.0,23.2,1.0,1.0,0.0,0.0,0.0,0.0,13.7,1,2,-1,2
24.8,13.5,52.2,0.0,24.0,1.0,1.0,0.0,0.0,0.0,0.0,13.600000000000001,1,0,-1,1
26.7,8.7,32.4,0.0,25.8,2.0,1.0,0.0,0.0,0.0,0.0,9.899999999999999,1,2,-1,1
25.3,8.6,34.9,0.0,23.5,2.0,1.0,0.0,0.0,0.0,0.0,9.5,1,2,-1,1
24.1,13.9,53.7,0.0,22.7,2.0,1.0,0.0,0.0,0.0,0.0,9.899999999999999,1,0,-1,3
20.8,12.9,61.3,0.0,23.8,2.0,1.0,0.0,0.0,0.0,0.0,8.400000000000002,0,0,0,1
18.8,10.5,60.8,0.005,34.0,2.0,0.0,0.0,1.0,0.0,0.0,6.0,1,0,-1,1
21.6,8.8,45.5,0.0,28.8,2.0,1.0,0.0,0.0,0.0,0.0,11.399999999999999,1,2,-1,1
26.1,10.1,37.1,0.0,28.6,2.0,1.0,0.0,0.0,0.0,0.0,10.2,1,2,-1,2
27.0,11.0,37.8,0.0,25.3,1.0,1.0,0.0,0.0,0.0,0.0,8.700000000000003,1,2,-1,2
25.4,13.5,48.6,0.0,19.7,1.0,1.0,0.0,0.0,0.0,0.0,9.5,1,2,-1,2
24.1,14.8,56.5,0.0,20.1,1.0,1.0,0.0,0.0,0.0,0.0,7.100000000000001,1,0,-1,1
20.2,16.1,77.8,0.0,21.0,1.0,1.0,0.0,0.0,0.0,0.0,7.400000000000002,0,1,0,2
20.8,15.8,74.7,0.0,17.6,1.0,1.0,0.0,0.0,0.0,0.0,8.900000000000002,0,0,0,2
20.4,14.7,70.7,0.0,18.2,1.0,1.0,0.0,0.0,0.0,0.0,9.100000000000001,0,0,0,1
20.2,15.4,74.6,0.0,17.5,1.0,1.0,0.0,0.0,0.0,0.0,7.300000000000001,0,0,0,1
19.9,16.6,82.0,0.173,19.1,1.0,0.0,0.0,1.0,0.0,0.0,5.299999999999997,2,1,0,2
19.7,18.7,93.7,15.916,32.2,1.0,0.0,0.0,1.0,0.0,0.0,5.800000000000001,2,1,-1,2
18.8,15.0,81.0,0.287,14.6,1.0,0.0,0.0,1.0,0.0,0.0,6.5,2,1,-1,1
19.0,15.4,80.5,0.043,23.3,1.0,0.0,0.0,1.0,0.0,0.0,7.9,2,1,0,3
20.1,17.6,86.1,0.285,18.6,1.0,0.0,0.0,1.0,0.0,0.0,6.600000000000001,2,1,0,3
19.5,14.1,72.4,0.0,20.0,1.0,1.0,0.0,0.0,0.0,0.0,7.0,0,0,0,2
20.0,13.9,69.7,0.0,22.8,1.0,1.0,0.0,0.0,0.0,0.0,8.899999999999999,0,0,0,3
20.4,14.6,70.8,0.0,24.6,1.0,1.0,0.0,0.0,0.0,0.0,9.5,0,0,0,3
20.2,14.1,69.0,0.0,21.9,1.0,1.0,0.0,0.0,0.0,0.0,8.700000000000003,0,0,0,1
19.9,14.4,71.3,0.0,22.9,1.0,1.0,0.0,0.0,0.0,0.0,11.500000000000002,0,0,0,2
20.9,17.5,81.3,0.0,20.1,1.0,1.0,0.0,0.0,0.0,0.0,7.599999999999998,2,1,0,3
21.1,16.3,75.2,0.0,16.2,1.0,1.0,0.0,0.0,0.0,0.0,9.3,0,0,0,1
19.1,13.3,70.5,0.0,22.3,1.0,1.0,0.0,0.0,0.0,0.0,7.600000000000001,0,0,0,1
19.8,14.9,73.8,0.0,18.9,1.0,1.0,0.0,0.0,0.0,0.0,10.0,0,0,0,2
21.0,16.1,75.3,0.0,18.1,1.0,1.0,0.0,0.0,0.0,0.0,7.100000000000001,0,0,0,1
18.9,13.0,69.4,0.0,23.1,1.0,1.0,0.0,0.0,0.0,0.0,7.100000000000001,0,0,0,3
20.7,14.4,68.5,0.0,21.4,1.0,1.0,0.0,0.0,0.0,0.0,10.599999999999998,0,0,0,3
21.7,9.5,50.3,0.0,23.3,1.0,1.0,0.0,0.0,0.0,0.0,11.3,1,2,-1,3
22.1,16.1,69.4,0.0,26.3,1.0,1.0,0.0,0.0,0.0,0.0,9.399999999999999,0,0,0,2
18.6,9.9,58.4,0.0,34.7,1.0,1.0,0.0,0.0,0.0,0.0,6.0,1,0,-1,1
20.5,11.3,57.8,0.0,24.0,1.0,1.0,0.0,0.0,0.0,0.0,10.999999999999998,1,0,0,1
20.6,12.7,61.3,0.0,17.2,1.0,1.0,0.0,0.0,0.0,0.0,8.7,0,0,-1,2
20.3,16.4,78.9,0.0,27.9,1.0,1.0,0.0,0.0,0.0,0.0,5.5,2,1,0,2
19.9,16.7,82.6,3.527,28.9,1.0,0.0,0.0,1.0,0.0,0.0,5.799999999999997,2,1,-1,3
16.1,12.9,82.9,19.414,22.9,1.0,0.0,0.0,1.0,0.0,0.0,5.400000000000002,2,1,-1,3
16.3,11.8,75.8,0.007,20.6,1.0,0.0,0.0,1.0,0.0,0.0,7.299999999999999,0,0,0,1
17.2,13.4,79.0,0.0,24.1,1.0,1.0,0.0,0.0,0.0,0.0,8.200000000000001,0,1,0,2
19.6,18.5,93.4,3.738,23.2,1.0,0.0,0.0,1.0,0.0,0.0,3.1999999999999993,2,1,-1,1
17.4,14.2,82.3,0.941,17.5,1.0,0.0,0.0,1.0,0.0,0.0,4.600000000000001,2,1,0,3
16.5,14.5,88.2,7.936,31.4,1.0,0.0,0.0,1.0,0.0,0.0,4.400000000000002,2,1,-1,3
15.1,9.9,72.2,0.287,16.1,1.0,0.0,0.0,1.0,0.0,0.0,6.5,0,0,0,2
15.0,10.0,73.2,0.032,15.5,1.0,0.0,0.0,1.0,0.0,0.0,7.299999999999999,0,0,0,1
15.0,8.0,64.8,0.0,22.4,1.0,1.0,0.0,0.0,0.0,0.0,7.6,0,0,0,3
15.6,10.3,70.8,0.0,27.4,1.0,1.0,0.0,0.0,0.0,0.0,3.8000000000000007,0,0,-1,2
16.1,11.9,76.9,0.0,16.2,1.0,1.0,0.0,0.0,0.0,0.0,7.899999999999999,0,0,0,2
16.5,11.1,73.3,0.0,17.1,1.0,1.0,0.0,0.0,0.0,0.0,10.0,0,0,0,2
16.5,13.1,81.3,0.0,10.6,1.0,1.0,0.0,0.0,0.0,0.0,9.099999999999998,2,0,-1,3
17.0,14.8,86.9,0.0,17.1,1.0,1.0,0.0,0.0,0.0,0.0,5.899999999999999,2,1,-1,3
18.3,17.8,96.7,7.883,16.1,1.0,0.0,0.0,1.0,0.0,0.0,3.599999999999998,2,1,-1,2
19.2,18.3,95.2,0.107,17.5,1.0,0.0,0.0,1.0,0.0,0.0,4.899999999999999,2,1,-1,3
19.4,19.0,97.7,1.617,20.1,1.0,0.0,0.0,1.0,0.0,0.0,2.5,2,1,-1,2
20.0,19.5,96.4,0.303,19.0,1.0,0.0,0.0,1.0,0.0,0.0,2.400000000000002,2,1,-1,1
19.7,18.8,94.6,0.308,21.3,1.0,0.0,0.0,1.0,0.0,0.0,4.5,2,1,-1,2
18.1,16.9,93.0,9.351,22.4,1.0,0.0,0.0,1.0,0.0,0.0,2.5,2,1,-1,2
17.9,15.4,85.5,1.096,21.0,1.0,0.0,0.0,1.0,0.0,0.0,3.799999999999997,2,1,0,3
17.0,14.1,83.4,1.741,30.3,1.0,0.0,0.0,1.0,0.0,0.0,6.800000000000001,2,1,-1,1
15.7,11.4,76.1,0.118,23.0,1.0,0.0,0.0,1.0,0.0,0.0,5.699999999999999,0,0,0,1
15.7,12.6,82.5,0.386,17.0,1.0,0.0,0.0,1.0,0.0,0.0,5.400000000000002,2,1,-1,1
15.3,10.4,74.3,1.207,25.2,1.0,0.0,0.0,1.0,0.0,0.0,5.4,0,0,0,3
13.0,7.8,72.0,1.266,18.0,1.0,0.0,0.0,1.0,0.0,0.0,5.9,0,0,0,1
13.9,10.6,80.7,1.169,26.6,1.0,0.0,0.0,1.0,0.0,0.0,7.799999999999999,2,1,0,1
14.8,10.6,77.0,0.392,19.7,1.0,0.0,0.0,1.0,0.0,0.0,4.300000000000001,0,0,0,1
16.3,13.1,81.8,0.222,29.6,1.0,0.0,0.0,1.0,0.0,0.0,5.799999999999999,2,1,-1,2
14.6,10.8,78.3,0.005,25.9,1.0,0.0,0.0,1.0,0.0,0.0,5.000000000000002,0,1,0,3
15.8,13.0,83.8,0.855,22.9,1.0,0.0,0.0,1.0,0.0,0.0,5.300000000000001,2,1,0,1
13.1,9.6,79.7,5.402,28.3,1.0,0.0,0.0,1.0,0.0,0.0,6.700000000000001,2,1,-1,1
10.3,4.9,69.7,0.237,28.8,1.0,0.0,0.0,1.0,0.0,0.0,5.2,0,0,-1,3
11.2,5.2,67.5,0.001,17.2,1.0,0.0,0.0,1.0,0.0,0.0,6.4,0,0,0,1
14.2,13.1,93.5,12.247,26.0,1.0,0.0,0.0,1.0,0.0,0.0,6.9,2,1,-1,3
12.3,7.1,71.7,0.056,23.2,1.0,0.0,0.0,1.0,0.0,0.0,6.300000000000001,0,0,0,3
10.8,9.1,89.3,4.978,13.6,1.0,0.0,0.0,1.0,0.0,0.0,2.799999999999999,2,1,-1,2
13.1,11.7,91.6,19.441,21.6,1.0,0.0,0.0,1.0,0.0,0.0,5.699999999999999,2,1,-1,2
14.0,12.5,90.9,2.036,14.1,1.0,0.0,0.0,1.0,0.0,0.0,5.9,2,1,0,2
15.6,13.1,86.0,32.052,40.5,1.0,0.0,0.0,1.0,0.0,0.0,4.100000000000001,2,1,-1,3
13.5,9.4,76.9,1.168,18.9,1.0,0.0,0.0,1.0,0.0,0.0,6.100000000000001,0,0,0,3
14.0,12.3,90.0,4.047,26.3,1.0,0.0,0.0,1.0,0.0,0.0,5.6,2,1,-1,3
16.8,16.1,95.7,8.408,26.0,1.0,0.0,0.0,1.0,0.0,0.0,4.699999999999999,2,1,-1,3
16.5,16.2,98.2,20.177,33.0,1.0,0.0,0.0,1.0,0.0,0.0,2.8999999999999986,2,1,-1,2
14.6,12.9,90.3,1.551,19.3,1.0,0.0,0.0,1.0,0.0,0.0,6.199999999999999,2,1,0,1
16.3,15.0,92.4,0.094,22.4,1.0,0.0,0.0,1.0,0.0,0.0,5.100000000000001,2,1,3,1
17.0,16.1,94.7,0.095,17.5,1.0,0.0,0.0,1.0,0.0,0.0,2.3999999999999986,2,1,-1,1
15.6,14.8,95.1,1.433,19.5,1.0,0.0,0.0,1.0,0.0,0.0,4.400000000000002,2,1,3,2
13.7,10.5,81.7,1.492,27.7,1.0,0.0,0.0,1.0,0.0,0.0,2.9000000000000004,2,1,-1,1
13.0,6.0,62.9,0.016,32.6,1.0,0.0,0.0,1.0,0.0,0.0,4.6,0,0,-1,3
12.0,4.9,62.4,0.0,24.0,1.0,1.0,0.0,0.0,0.0,0.0,5.9,0,0,0,1
10.4,6.4,77.1,0.0,15.8,1.0,1.0,0.0,0.0,0.0,0.0,5.4,0,0,0,1
13.2,6.4,63.7,0.0,22.6,1.0,1.0,0.0,0.0,0.0,0.0,5.299999999999999,0,0,0,2
13.8,7.1,64.2,0.0,22.0,1.0,1.0,0.0,0.0,0.0,0.0,5.199999999999999,0,0,0,2
13.1,8.9,76.2,0.0,12.2,1.0,1.0,0.0,0.0,0.0,0.0,8.3,0,0,0,2
14.7,13.7,93.9,0.0,14.3,1.0,1.0,0.0,0.0,0.0,0.0,4.500000000000002,2,1,-1,2
14.0,10.2,78.6,0.0,15.2,1.0,1.0,0.0,0.0,0.0,0.0,6.0,0,0,0,1
10.9,8.0,83.0,0.0,10.3,1.0,1.0,0.0,0.0,0.0,0.0,6.1,2,0,5,2
12.2,8.3,78.7,0.597,26.0,1.0,0.0,0.0,1.0,0.0,0.0,4.300000000000001,2,1,0,1
13.1,11.0,87.3,1.471,25.2,1.0,0.0,0.0,1.0,0.0,0.0,5.4,2,1,-1,2
14.8,12.4,85.5,0.206,21.2,1.0,0.0,0.0,1.0,0.0,0.0,4.799999999999999,2,1,0,2
13.9,12.0,89.1,0.542,18.8,1.0,0.0,0.0,1.0,0.0,0.0,5.899999999999999,2,1,0,2
14.2,13.2,94.3,3.68,27.9,1.0,0.0,0.0,1.0,0.0,0.0,4.500000000000002,2,1,-1,3
11.7,10.9,94.7,14.135,17.3,1.0,0.0,0.0,1.0,0.0,0.0,2.9000000000000004,2,1,-1,3
11.7,7.1,74.3,0.917,17.5,1.0,0.0,0.0,1.0,0.0,0.0,7.300000000000001,0,0,0,1
15.2,14.4,94.9,5.538,44.4,1.0,0.0,0.0,1.0,0.0,0.0,5.500000000000002,2,1,-1,2
16.3,15.6,95.6,16.722,57.1,1.0,0.0,0.0,0.0,0.0,1.0,2.5,2,1,-1,3
16.2,15.8,97.7,39.75,46.8,1.0,0.0,0.0,0.0,0.0,1.0,2.1999999999999993,2,1,-1,2
16.2,15.3,94.7,11.357,36.6,1.0,0.0,0.0,1.0,0.0,0.0,2.400000000000002,2,1,-1,2
15.2,14.1,93.4,0.0,20.3,1.0,1.0,0.0,0.0,0.0,0.0,4.500000000000002,2,1,3,2
13.3,12.9,97.7,0.233,13.4,1.0,0.0,0.0,1.0,0.0,0.0,3.8000000000000007,2,1,-1,3
13.4,11.0,86.0,0.0,21.0,1.0,1.0,0.0,0.0,0.0,0.0,6.299999999999999,2,1,0,2
14.5,11.7,83.7,0.0,13.6,1.0,1.0,0.0,0.0,0.0,0.0,7.899999999999999,2,0,5,1
13.9,10.5,80.2,0.0,14.3,1.0,1.0,0.0,0.0,0.0,0.0,2.5999999999999996,2,0,0,2
13.6,9.5,76.4,0.0,17.7,1.0,1.0,0.0,0.0,0.0,0.0,4.899999999999999,0,0,0,3
14.2,9.0,70.9,0.0,19.9,1.0,1.0,0.0,0.0,0.0,0.0,5.5,0,0,0,2
13.6,8.2,69.8,0.0,14.8,1.0,1.0,0.0,0.0,0.0,0.0,6.899999999999999,0,0,0,2
11.9,7.9,77.1,0.0,13.6,1.0,1.0,0.0,0.0,0.0,0.0,7.5,0,0,0,2
9.5,8.4,92.8,0.0,12.7,1.0,1.0,0.0,0.0,0.0,0.0,3.0999999999999996,2,1,4,3
9.6,8.2,91.3,0.01,9.0,1.0,0.0,0.0,0.0,0.0,1.0,7.0,2,1,4,1
10.1,8.8,91.8,0.005,10.4,1.0,0.0,0.0,0.0,0.0,1.0,4.0,2,1,4,2
13.1,9.8,81.0,0.0,8.4,1.0,0.0,1.0,0.0,0.0,0.0,5.899999999999999,2,0,5,3
12.2,8.5,78.6,0.0,17.6,1.0,0.0,1.0,0.0,0.0,0.0,5.5,0,0,0,3
10.1,5.9,75.4,0.0,16.4,1.0,1.0,0.0,0.0,0.0,0.0,5.6,0,0,0,1
9.9,6.9,82.3,0.0,10.6,1.0,1.0,0.0,0.0,0.0,0.0,8.0,2,0,-1,2
9.8,6.0,77.9,0.0,13.1,1.0,1.0,0.0,0.0,0.0,0.0,7.6,0,0,0,3
11.9,9.0,83.0,0.0,16.9,1.0,0.0,1.0,0.0,0.0,0.0,9.3,2,0,-1,2
14.0,12.0,87.8,0.001,15.3,1.0,0.0,0.0,0.0,0.0,1.0,5.400000000000002,2,1,0,2
11.5,5.8,68.9,0.003,23.4,1.0,0.0,0.0,0.0,0.0,1.0,5.5,0,0,0,3
10.7,3.5,61.4,0.0,15.7,1.0,1.0,0.0,0.0,0.0,0.0,6.2,0,0,-1,1
9.5,4.0,69.6,0.0,10.0,1.0,1.0,0.0,0.0,0.0,0.0,8.3,0,0,-1,2
9.3,7.0,86.0,0.005,8.2,1.0,0.0,0.0,0.0,0.0,1.0,7.4,2,0,-1,3
12.8,11.1,89.5,0.968,32.5,1.0,0.0,0.0,0.0,0.0,1.0,5.6,2,1,-1,2
15.9,14.4,90.8,0.099,28.9,1.0,0.0,0.0,0.0,0.0,1.0,2.9000000000000004,2,1,-1,3
14.9,13.3,90.2,13.736,38.4,1.0,0.0,0.0,0.0,0.0,1.0,4.600000000000001,2,1,-1,2
13.5,12.6,94.8,0.136,10.6,1.0,0.0,0.0,0.0,0.0,1.0,4.200000000000001,2,1,-1,2
15.1,13.3,89.4,26.955,32.5,1.0,0.0,0.0,0.0,0.0,1.0,5.699999999999999,2,1,-1,2
13.3,4.9,59.6,0.376,38.1,1.0,0.0,0.0,0.0,0.0,1.0,4.600000000000001,1,0,-1,3
8.9,-3.2,42.8,0.0,37.5,1.0,1.0,0.0,0.0,0.0,0.0,4.5,1,2,-1,3
9.8,1.3,55.8,0.0,25.5,1.0,0.0,1.0,0.0,0.0,0.0,5.6,1,2,-1,2
9.8,5.7,76.2,0.498,25.0,1.0,0.0,0.0,0.0,0.0,1.0,2.9000000000000004,0,0,-1,1
9.5,8.0,90.5,0.105,11.5,1.0,0.0,0.0,0.0,0.0,1.0,5.0,2,1,4,2
10.4,9.4,93.7,4.192,14.3,1.0,0.0,0.0,0.0,0.0,1.0,3.799999999999999,2,1,-1,3
11.4,9.6,89.2,4.22,16.0,1.0,0.0,0.0,0.0,0.0,1.0,5.300000000000001,2,1,-1,1
11.8,10.1,89.4,0.005,18.7,1.0,0.0,0.0,0.0,0.0,1.0,7.5,2,1,0,3
14.2,12.9,92.0,2.134,27.6,1.0,0.0,0.0,0.0,0.0,1.0,3.4000000000000004,2,1,-1,3
15.0,14.3,96.0,0.885,20.1,1.0,0.0,0.0,0.0,0.0,1.0,2.5999999999999996,2,1,3,1
14.7,13.3,91.7,0.003,21.8,1.0,0.0,0.0,0.0,0.0,1.0,2.8000000000000007,2,1,3,2
14.5,13.6,94.5,10.448,25.0,1.0,0.0,0.0,0.0,0.0,1.0,3.3999999999999986,2,1,-1,1
15.6,15.4,99.3,10.981,20.8,1.0,0.0,0.0,0.0,1.0,0.0,1.6000000000000014,2,1,-1,1
15.5,15.3,98.5,2.227,17.6,1.0,0.0,0.0,0.0,0.0,1.0,2.5,2,1,-1,1
15.8,13.8,88.6,0.1,10.6,1.0,0.0,0.0,0.0,0.0,1.0,8.100000000000001,2,1,-1,1
16.3,12.7,80.2,0.0,17.0,1.0,1.0,0.0,0.0,0.0,0.0,9.3,2,0,0,2
13.3,11.5,89.3,0.0,13.0,1.0,0.0,1.0,0.0,0.0,0.0,6.1,2,1,0,1
14.1,10.3,78.7,0.005,18.9,1.0,0.0,0.0,0.0,0.0,1.0,8.8,0,0,0,3
14.0,10.9,82.3,0.0,12.3,1.0,0.0,1.0,0.0,0.0,0.0,6.200000000000001,2,0,5,2
14.2,12.2,88.3,0.0,15.5,1.0,0.0,1.0,0.0,0.0,0.0,6.6,2,1,0,2
13.7,11.7,87.4,0.611,20.6,1.0,0.0,0.0,0.0,0.0,1.0,6.199999999999999,2,1,0,2
13.0,10.1,82.6,0.0,10.7,1.0,0.0,1.0,0.0,0.0,0.0,7.0,2,0,5,2
13.6,11.8,89.5,0.0,10.8,1.0,0.0,1.0,0.0,0.0,0.0,6.299999999999999,2,1,0,2
13.8,11.1,84.1,0.0,11.6,1.0,0.0,1.0,0.0,0.0,0.0,5.5,2,0,5,3
13.3,11.2,86.8,0.0,8.3,1.0,0.0,1.0,0.0,0.0,0.0,3.0,2,1,-1,2
13.5,12.7,94.7,1.386,13.8,1.0,0.0,0.0,0.0,0.0,1.0,3.9000000000000004,2,1,-1,1
13.1,10.9,86.9,0.099,9.6,1.0,0.0,0.0,0.0,0.0,1.0,6.399999999999999,2,1,5,2
13.6,10.8,84.5,0.0,14.6,1.0,0.0,1.0,0.0,0.0,0.0,9.1,2,0,-1,3
14.2,12.6,90.4,0.005,17.0,1.0,0.0,0.0,0.0,0.0,1.0,5.500000000000002,2,1,0,3
14.6,11.2,81.2,2.017,23.2,1.0,0.0,0.0,0.0,0.0,1.0,5.200000000000001,2,1,0,3
12.0,5.4,65.2,0.0,31.4,1.0,1.0,0.0,0.0,0.0,0.0,5.700000000000001,0,0,-1,2
13.7,6.4,62.4,0.0,17.3,1.0,1.0,0.0,0.0,0.0,0.0,10.299999999999999,0,0,6,1
13.8,8.0,68.5,0.0,15.4,1.0,0.0,1.0,0.0,0.0,0.0,8.299999999999999,0,0,0,3
15.9,8.5,62.5,0.0,17.5,1.0,1.0,0.0,0.0,0.0,0.0,9.600000000000001,0,0,6,2
17.0,7.3,54.3,0.0,14.3,1.0,0.0,1.0,0.0,0.0,0.0,9.1,1,2,-1,2
17.5,6.8,50.8,0.0,15.5,1.0,1.0,0.0,0.0,0.0,0.0,10.1,1,2,-1,3
16.1,8.2,60.7,0.0,17.7,1.0,1.0,0.0,0.0,0.0,0.0,9.3,0,0,6,3
14.0,10.0,77.5,0.0,18.0,1.0,0.0,1.0,0.0,0.0,0.0,8.200000000000001,0,0,0,2
12.9,7.0,68.2,0.001,22.3,1.0,0.0,0.0,0.0,0.0,1.0,6.399999999999999,0,0,0,1
14.5,9.3,72.1,0.0,16.9,1.0,0.0,1.0,0.0,0.0,0.0,9.9,0,0,0,1
13.3,9.5,79.2,0.0,17.6,1.0,0.0,1.0,0.0,0.0,0.0,8.8,0,0,0,1
15.1,12.0,82.3,3.483,24.7,1.0,0.0,0.0,0.0,0.0,1.0,4.9,2,1,0,2
15.2,14.0,92.4,0.584,38.6,1.0,0.0,0.0,0.0,0.0,1.0,2.1000000000000014,2,1,-1,3
14.7,9.9,74.2,1.565,33.1,1.0,0.0,0.0,0.0,0.0,1.0,5.300000000000001,0,1,-1,2
15.2,12.7,85.3,1.436,22.3,1.0,0.0,0.0,0.0,0.0,1.0,8.3,2,1,0,2
16.3,13.6,84.2,0.0,22.0,1.0,0.0,1.0,0.0,0.0,0.0,5.5,2,1,0,2
14.8,10.8,78.0,1.047,24.1,1.0,0.0,0.0,0.0,0.0,1.0,5.600000000000001,0,1,0,1
13.6,7.0,65.2,0.001,28.3,1.0,0.0,0.0,0.0,0.0,1.0,5.100000000000001,0,0,-1,1
13.9,6.7,63.0,0.0,20.6,1.0,1.0,0.0,0.0,0.0,0.0,7.600000000000001,0,0,0,1
13.8,8.7,72.0,0.0,15.5,1.0,0.0,1.0,0.0,0.0,0.0,9.100000000000001,0,0,0,3
14.9,9.0,70.0,0.0,21.9,1.0,0.0,1.0,0.0,0.0,0.0,8.899999999999999,0,0,0,2
16.4,9.0,63.8,0.0,16.2,1.0,1.0,0.0,0.0,0.0,0.0,12.3,0,0,6,3
19.4,10.4,58.3,0.0,13.6,1.0,0.0,1.0,0.0,0.0,0.0,13.2,1,0,-1,2
17.2,11.7,70.5,0.0,28.4,1.0,0.0,1.0,0.0,0.0,0.0,9.200000000000001,0,0,1,2
14.1,9.9,76.4,0.0,23.3,1.0,0.0,1.0,0.0,0.0,0.0,6.0,0,0,0,3
16.3,11.0,72.6,0.0,16.4,1.0,0.0,1.0,0.0,0.0,0.0,10.1,0,0,0,1
13.8,8.2,70.1,0.0,24.6,1.0,0.0,1.0,0.0,0.0,0.0,8.0,0,0,0,3
12.1,4.7,61.2,0.002,39.4,1.0,0.0,0.0,0.0,0.0,1.0,5.800000000000001,1,0,-1,2
14.0,4.7,54.6,0.0,33.1,1.0,0.0,1.0,0.0,0.0,0.0,6.799999999999999,1,0,-1,2
18.4,9.2,55.6,0.0,25.2,1.0,0.0,1.0,0.0,0.0,0.0,8.1,1,2,0,1
16.9,10.3,66.0,0.0,18.6,1.0,0.0,1.0,0.0,0.0,0.0,7.500000000000002,0,0,0,1
12.8,10.3,84.9,2.205,15.2,1.0,0.0,0.0,0.0,0.0,1.0,3.5,2,0,-1,1
11.7,8.3,80.6,4.013,11.9,1.0,0.0,0.0,0.0,0.0,1.0,6.5,2,0,-1,1
13.3,7.9,71.3,0.0,16.8,1.0,1.0,0.0,0.0,0.0,0.0,8.8,0,0,0,1
15.2,9.6,70.9,0.0,21.1,1.0,0.0,1.0,0.0,0.0,0.0,7.900000000000002,0,0,0,1
16.4,8.7,61.5,0.0,23.3,1.0,1.0,0.0,0.0,0.0,0.0,8.500000000000002,0,0,0,1
16.1,8.6,62.6,0.0,21.6,1.0,0.0,1.0,0.0,0.0,0.0,9.4,0,0,0,1
13.9,8.9,72.6,0.0,22.5,1.0,0.0,1.0,0.0,0.0,0.0,6.800000000000001,0,0,0,1
13.3,7.0,67.0,0.0,18.1,1.0,0.0,1.0,0.0,0.0,0.0,7.799999999999999,0,0,0,1
13.5,5.9,60.9,0.0,23.9,1.0,0.0,1.0,0.0,0.0,0.0,7.299999999999999,0,0,0,1
14.4,9.6,73.6,0.0,21.9,1.0,0.0,1.0,0.0,0.0,0.0,7.399999999999999,0,0,0,1
12.3,10.8,90.7,8.742,28.7,1.0,0.0,0.0,0.0,0.0,1.0,4.4,2,1,-1,1
9.2,4.7,74.9,0.477,28.7,1.0,0.0,0.0,0.0,0.0,1.0,6.300000000000001,0,0,-1,1
